,Acteur SR,Actrice SR
n_prior_noms,0.19277303880777324,-0.11434801258830612
breakthrough_in_indie,,1.2238485436039706
log_revenue_rel,0.4718621308813625,0.961699605823989
n_prior_wins,0.16571245598283846,-1.1518509108423503
log_tmdb_vote_count_rel,-1.035038806818384,-0.10247801865934389
